{"cameraMode":{"drawMode":0,"name":"Shaded","section":"Shading Mode"},"sceneLighting":true,"audioPlay":false,"sceneViewState":{"showFog":true,"showMaterialUpdate":false,"showSkybox":true,"showFlares":true,"showImageEffects":true,"showParticleSystems":true},"in2DMode":false,"pivot":{"x":-10.625261306762696,"y":2.956451654434204,"z":7.834026336669922},"rotation":{"x":0.05184364318847656,"y":0.8081769943237305,"z":-0.07196320593357086,"w":0.5822279453277588},"size":0.5646332502365112,"orthographic":false}